id,performance_score
8000,43.35119258689999
8001,52.413913479
8002,51.25640921000002
8003,53.71079501929999
8004,48.20658552909998
8005,51.231177823799996
8006,49.5518912576
8007,50.2652551034
8008,58.3116109498
8009,51.29482461980002
8010,70.1935338581
8011,59.63100807149999
8012,55.548069267100026
8013,53.86256198420001
8014,53.978042535000014
8015,43.1476168969
8016,37.64101545550004
8017,56.251821391700005
8018,49.63518548599999
8019,54.636679286399975
8020,51.95324129689999
8021,46.657013498099985
8022,53.255671145899996
8023,51.31211672289998
8024,52.743842720399996
8025,59.774589022399965
8026,49.4925953545
8027,55.59478736130002
8028,55.3775679051
8029,55.86277687090001
8030,57.21415119509999
8031,57.23163644369999
8032,46.7018242732
8033,48.82283722250001
8034,58.64055264479999
8035,49.3711347107
8036,55.50989126799998
8037,53.32334550269998
8038,45.075453668099996
8039,58.262076552299995
8040,52.32676537640002
8041,52.768902406100004
8042,52.422803889300006
8043,55.8939943891
8044,44.23217660230001
8045,58.1800880424
8046,60.66836823220003
8047,51.62832234910001
8048,49.60518878840003
8049,53.51127357950001
8050,59.4331461359
8051,45.0265899124
8052,57.096840708800016
8053,47.56849458770001
8054,54.13734464910001
8055,43.68565983989997
8056,46.921079022799994
8057,52.983193163100026
8058,54.61617143159999
8059,49.943667776400005
8060,51.90371899660001
8061,55.859379923600045
8062,56.19910513090004
8063,58.35023877410001
8064,45.08020122679999
8065,53.20308145340002
8066,54.70850106600002
8067,56.4365012147
8068,58.19788765689997
8069,52.74405198049998
8070,52.59792315510001
8071,52.69582308689999
8072,56.7665857035
8073,46.94391192890002
8074,49.46580442550002
8075,46.4955873325
8076,57.38245525650001
8077,44.40357641380001
8078,57.35219649999999
8079,55.736829224700024
8080,53.34535303100003
8081,50.57185243529998
8082,58.16483009519997
8083,50.159046196999995
8084,54.85734882250001
8085,47.6998439341
8086,47.66280341500001
8087,66.30495255549998
8088,51.53240216380002
8089,56.494836190200004
8090,57.31126257309997
8091,58.298610290499994
8092,56.072476227900005
8093,44.884923426099995
8094,58.34841366019999
8095,57.79125581400002
8096,57.44521272329998
8097,61.46377943230002
8098,50.379079688200015
8099,53.95990611069997
8100,60.21301598579999
8101,42.47330473190001
8102,48.736356643499995
8103,56.73236027739998
8104,46.1211510441
8105,56.60684381959999
8106,50.61252954230001
8107,51.892904303200005
8108,60.23381214019998
8109,46.672656679899994
8110,48.372651682999994
8111,56.86719357820003
8112,59.01552496339998
8113,50.68797023340001
8114,51.538222984599976
8115,46.9447429387
8116,66.6819079622
8117,51.18309643629998
8118,54.1751272783
8119,45.113157211199976
8120,55.07441763050001
8121,61.34040062609999
8122,58.233969900599995
8123,45.21250061459996
8124,54.51848754759997
8125,49.983714198800016
8126,58.94732448579999
8127,58.18956062990001
8128,57.581693397200006
8129,49.16949905599999
8130,45.255434871099986
8131,55.86338270810002
8132,59.27350405010003
8133,51.86184471960002
8134,44.82286244199999
8135,46.4558075698
8136,52.482834969
8137,67.59569486140002
8138,55.227943758600006
8139,50.18327157249999
8140,47.14509265420004
8141,50.42795222300001
8142,58.17071157209999
8143,51.94350736270003
8144,48.803477999000016
8145,52.75859781829999
8146,53.23209568290004
8147,55.828715517600024
8148,55.2166050002
8149,53.72016813419999
8150,56.5486766935
8151,57.58126706009998
8152,53.996812711400025
8153,58.483283412599974
8154,52.25298708410001
8155,60.4176873544
8156,44.028159268900005
8157,46.8319722861
8158,40.420470445599996
8159,59.6218928407
8160,47.803855607800024
8161,60.3276008171
8162,47.63511488499999
8163,47.68014403480001
8164,56.382288450900006
8165,56.354903510199975
8166,53.153239485799986
8167,48.05783399850001
8168,53.4863483823
8169,44.317466616000004
8170,47.960976239500006
8171,45.450534616699976
8172,59.835936075300005
8173,61.16349172039999
8174,57.0449340499
8175,55.21898905050001
8176,50.06078196000002
8177,41.544960105400015
8178,49.47512497070002
8179,55.19821276070001
8180,57.41108864989999
8181,59.44859532969998
8182,52.52053260439999
8183,54.8400716768
8184,62.508421785500005
8185,46.010023192199995
8186,48.26681604359997
8187,47.95568218369996
8188,58.28883142459999
8189,49.056481564100004
8190,45.7797490557
8191,61.72143288369996
8192,66.2782473779
8193,43.63211689879999
8194,58.448850903599975
8195,49.433548023799986
8196,44.42238104689999
8197,51.384158579
8198,48.0476712678
8199,49.40492783430002
8200,60.095460105400015
8201,54.00100064139999
8202,50.884930399000034
8203,54.95910994459995
8204,48.79199369279997
8205,44.08701441040001
8206,56.83855450710001
8207,50.08593816329998
8208,48.87143132630002
8209,52.17225321380003
8210,45.11433274850002
8211,58.15740911490003
8212,52.30454963600004
8213,60.2414897334
8214,54.29444101889998
8215,56.68761350349997
8216,47.23119023559998
8217,45.25229968439999
8218,56.4771443687
8219,52.08407641360002
8220,45.8115282938
8221,57.66088852860002
8222,54.199209654900024
8223,57.19425261299999
8224,44.880885859200006
8225,48.12020540170001
8226,49.036451300799996
8227,62.19092817920003
8228,54.368192299600004
8229,58.17722666759998
8230,54.485307074700025
8231,59.01459448350001
8232,53.23582825940002
8233,47.09443647580001
8234,46.6515278256
8235,59.975194577799996
8236,46.60787583789999
8237,57.18697394490001
8238,56.684209400599975
8239,50.31532296580001
8240,54.7368735638
8241,53.768064101600004
8242,46.73195619439999
8243,55.4545803023
8244,46.78505839829999
8245,45.28312103719999
8246,62.1425804702
8247,56.70424265809997
8248,62.16374422729999
8249,51.69245374649999
8250,47.22207070460001
8251,45.313257447700025
8252,54.639961134800004
8253,62.07290168730001
8254,48.7251246941
8255,53.052746742
8256,44.08029034160001
8257,55.15509536409998
8258,54.28213471250002
8259,61.452797334099984
8260,52.541408438
8261,50.26622935209999
8262,53.774221171799994
8263,46.54300039310001
8264,56.75851277439999
8265,56.3266417838
8266,44.181790471999996
8267,58.1938195901
8268,51.6491903686
8269,58.2659759531
8270,52.54176639720004
8271,54.80892859939999
8272,57.68953264229998
8273,48.01925111710001
8274,52.8994184989
8275,46.06661525299998
8276,53.93749779149997
8277,62.016160632299986
8278,56.266846899700006
8279,55.630634606299985
8280,58.87633779189998
8281,64.10187947990002
8282,60.7267152184
8283,52.44557742999998
8284,55.870411736899975
8285,53.121709793200004
8286,45.32553500519999
8287,58.3074674361
8288,56.04540836419999
8289,52.410710362699994
8290,47.1694471275
8291,50.6433892161
8292,57.53406805089999
8293,45.59933641959999
8294,55.369901688700004
8295,56.600313975599995
8296,58.88026751019999
8297,61.0808755733
8298,39.9273450191
8299,55.91118343969998
8300,47.8803466421
8301,54.11946821080001
8302,53.395625041300015
8303,57.06778137960003
8304,55.76811749209999
8305,46.771483280500014
8306,52.68009244670004
8307,49.7170571549
8308,62.44224281080002
8309,47.570784313699995
8310,58.34665417900001
8311,55.13793829310001
8312,59.895383421800005
8313,56.413478191999985
8314,50.9592292673
8315,53.90246678700001
8316,53.52688694130002
8317,49.492574102800006
8318,55.556261244499986
8319,42.72794765109998
8320,50.597582049799996
8321,52.3370606584
8322,58.74943773329999
8323,56.31093983560001
8324,45.32063287039998
8325,43.4561269257
8326,63.057518363600046
8327,47.39297854219999
8328,52.48393708390001
8329,47.974609127599976
8330,51.55606478879999
8331,54.41500916939998
8332,52.50955153069997
8333,53.37263001429999
8334,52.83749121700001
8335,47.180431215300025
8336,52.135879089700005
8337,39.99609457719999
8338,51.828654111100015
8339,46.828161964899984
8340,52.37387975960003
8341,59.883579830300015
8342,44.70587032539999
8343,54.65390630940003
8344,48.62271457260001
8345,43.45496716060002
8346,51.68203320730001
8347,58.11030061060001
8348,40.14882152620001
8349,52.51839898510003
8350,45.833041953800006
8351,55.02246785819998
8352,57.7020842525
8353,47.201978354299996
8354,57.340074487600035
8355,53.48905615320001
8356,52.7998958057
8357,54.45639791889998
8358,52.449142296400034
8359,48.66481510450002
8360,63.08020749550002
8361,45.01979417360001
8362,45.28618951539998
8363,53.83324343910001
8364,52.647480135
8365,56.20556675330001
8366,50.56269744410004
8367,64.59623305070005
8368,49.27123361620001
8369,45.96470273599998
8370,49.51858555620001
8371,55.91183072169999
8372,47.162490060599985
8373,58.495500415400016
8374,53.602588023900005
8375,49.234873551500016
8376,57.810666278700026
8377,57.43928507519999
8378,57.4760279112
8379,52.84366030440001
8380,57.4558095221
8381,52.63410398160003
8382,48.076078308700026
8383,59.123850783999984
8384,56.849019734799995
8385,54.54518163400001
8386,45.09091716000001
8387,56.31954636690001
8388,55.422444746400004
8389,45.52820270089998
8390,56.61081129810002
8391,48.971042575
8392,46.51919878090001
8393,49.21179861559998
8394,51.42245345020001
8395,53.54514776230002
8396,46.35561608679999
8397,54.55524765649998
8398,61.00133866519997
8399,57.728778638699985
8400,47.1992420846
8401,48.74429154869998
8402,56.082952705400004
8403,59.557858575900056
8404,49.19813168360001
8405,50.066925732800016
8406,53.9152952027
8407,49.544608262800004
8408,44.28202505420001
8409,56.590422720799985
8410,54.3305638168
8411,55.610705223600014
8412,55.07573809940005
8413,44.367515785400016
8414,64.66640005100004
8415,48.48844610799998
8416,51.671533078599985
8417,56.653109034899984
8418,54.611550928500016
8419,56.651979487400006
8420,64.37035818510003
8421,52.985399639
8422,60.016149582000004
8423,58.939271010499986
8424,53.48466101860001
8425,57.08044819449999
8426,62.13975050919999
8427,52.6668293195
8428,50.06914379729997
8429,50.24954724979998
8430,55.707337666
8431,57.31800599490001
8432,58.608723075799986
8433,50.5445266938
8434,55.8130363686
8435,53.59396758149999
8436,54.597473934699984
8437,59.093749339799984
8438,48.085099552900004
8439,45.85005349959999
8440,56.73721700000001
8441,53.193620003999996
8442,40.13557498700002
8443,70.96662280869998
8444,52.89565685040003
8445,70.13650038029999
8446,56.59753252269998
8447,54.672088705099995
8448,47.17728449169999
8449,50.66807520090002
8450,52.13245474019998
8451,47.07486420500001
8452,64.8981274419
8453,45.94244750459998
8454,56.29236099499999
8455,52.1008306242
8456,49.510228711299995
8457,56.539511355900004
8458,55.62983758379999
8459,54.0536657739
8460,71.7924939091
8461,46.0079198978
8462,60.36589738909999
8463,45.272024108099984
8464,49.391246401299995
8465,53.77739508340003
8466,52.6507633894
8467,53.144980761199996
8468,56.61538495190001
8469,59.194972725499994
8470,59.940729367699994
8471,45.8012973294
8472,57.9568618944
8473,44.04028720399999
8474,55.91262376000002
8475,52.61091319540004
8476,58.38335765270003
8477,49.77747265419998
8478,62.40442567830002
8479,54.08809370400001
8480,61.244291539600006
8481,55.3959818364
8482,49.755488865900006
8483,63.04574743759998
8484,56.39868859309999
8485,49.31365011519998
8486,58.5769730033
8487,59.40999982360001
8488,45.0107563004
8489,69.97869643419996
8490,56.13449237019999
8491,59.02238877579995
8492,50.9578499208
8493,49.82927858859999
8494,43.651876569299986
8495,47.257581516000016
8496,54.160504081800006
8497,56.643737393400016
8498,54.453866351200006
8499,58.537774663899974
8500,62.39717644620002
8501,51.82603646149998
8502,55.54334351930001
8503,55.677525994099994
8504,56.73859733390002
8505,56.08295431980001
8506,54.12949797030001
8507,61.56867802409999
8508,53.44174190509999
8509,49.29837903310002
8510,52.70889876730001
8511,51.17338969890001
8512,53.6652442352
8513,54.39805823390002
8514,54.16415013250002
8515,52.73118568169999
8516,48.400736023099974
8517,45.98888054030002
8518,50.23308277110001
8519,46.83028438019999
8520,54.2878405529
8521,50.38720512689998
8522,61.523364751299965
8523,58.91085036700001
8524,54.048244687500016
8525,45.40330680019999
8526,50.193177597800016
8527,54.274118729699985
8528,53.32515487900001
8529,51.05041698169999
8530,49.8318913172
8531,47.21158092149999
8532,48.78962798029998
8533,55.72156566800001
8534,56.016257387700016
8535,44.53223515279997
8536,56.16550494740002
8537,51.213436687499986
8538,51.6454765651
8539,45.24405799640002
8540,54.16909313740003
8541,54.47510725419999
8542,57.02549090599999
8543,56.55533530130001
8544,54.772465981100034
8545,54.72381436180002
8546,58.916373670900015
8547,59.303316481500005
8548,50.38784584779998
8549,48.91993952369998
8550,49.36213495860001
8551,45.69997153369998
8552,56.726571423099976
8553,46.47785125729999
8554,48.95775049030001
8555,46.74009475839996
8556,58.76353879119997
8557,52.88224212910001
8558,54.77074260519998
8559,47.013364463500004
8560,60.98969381590001
8561,46.4879454985
8562,56.07111158640002
8563,52.8537862331
8564,49.3281612724
8565,53.473215936599985
8566,46.8936510817
8567,53.79769328530002
8568,56.38983863219999
8569,58.45163881659998
8570,54.81908809429999
8571,58.36526813859999
8572,58.659656451599965
8573,63.43657588670001
8574,51.3935934995
8575,54.7461395456
8576,54.684748311599996
8577,63.61933981989998
8578,43.68538993179999
8579,55.39595455170001
8580,55.74054808470002
8581,58.9745837846
8582,54.21024869249999
8583,59.14590821729999
8584,52.75912422610001
8585,46.6287208728
8586,58.010432495200014
8587,53.245137482800025
8588,54.45021647540002
8589,49.81423336069998
8590,59.52330023360005
8591,55.71022117469999
8592,50.406942975800014
8593,50.826324283599995
8594,57.98214341189999
8595,57.020684502600005
8596,52.457079045600004
8597,48.235699069300026
8598,52.33543685030001
8599,52.199102175800014
8600,52.550620527800014
8601,53.52796423379999
8602,53.10977940570002
8603,59.9343851821
8604,54.04659319389995
8605,53.88301846579998
8606,52.09125366430002
8607,58.657339115899994
8608,47.52989550090001
8609,56.22640203549999
8610,66.69717918899998
8611,59.133315090099984
8612,48.98959443090001
8613,55.657701333300025
8614,54.07731022870003
8615,40.90427964340004
8616,52.53643000190001
8617,57.62164985850002
8618,53.74782635829999
8619,55.612756675499995
8620,56.165370760599984
8621,46.11406663629999
8622,51.29855796109999
8623,47.07477822260001
8624,53.322298150900004
8625,61.70808501760001
8626,53.40467160690001
8627,51.95709388280004
8628,54.67777824739999
8629,55.93216213939999
8630,68.14197361640002
8631,51.966163609599995
8632,51.69188826500002
8633,49.83478916619999
8634,57.42588219620003
8635,55.583046345899966
8636,56.79299721699997
8637,51.576060230900005
8638,48.270589201599996
8639,45.221681281299986
8640,55.337740986699984
8641,45.4097135626
8642,55.83082153639999
8643,48.884994383400006
8644,49.08614480439997
8645,61.599604166899965
8646,53.16879485330002
8647,54.63016712719998
8648,54.078428735799996
8649,60.21562885829997
8650,60.75666126180002
8651,55.45631715849996
8652,52.43337715629998
8653,55.1427918804
8654,55.20266198889997
8655,54.484147840899986
8656,51.0185960891
8657,61.25846118670002
8658,56.67904383589999
8659,52.065203093799994
8660,56.51469442990001
8661,49.82397155699994
8662,46.970067781599994
8663,42.76138215760002
8664,53.25725996170002
8665,55.0238954452
8666,52.85514144300003
8667,59.4440401203
8668,46.20249739500001
8669,45.381449356999994
8670,49.88061000940001
8671,61.97964594229998
8672,54.00667389729999
8673,48.476833471199996
8674,57.637940225699985
8675,56.578863136
8676,55.56648835199999
8677,52.92825185699998
8678,45.99495313700002
8679,44.777239974800004
8680,51.63445536279999
8681,63.48183616550002
8682,52.99705460129999
8683,57.53661597380002
8684,57.861333496499995
8685,59.774569116599984
8686,54.30979981399999
8687,60.715380258199986
8688,54.359532866399974
8689,55.612329904300005
8690,45.1283471463
8691,46.10632471309999
8692,54.365710454500025
8693,51.535100253500005
8694,46.16357945130002
8695,46.02416834640001
8696,53.40608643690003
8697,50.6850962676
8698,56.633940997599986
8699,53.855648303499954
8700,58.25983143590001
8701,57.130081566999976
8702,49.67702675330001
8703,55.22719284949998
8704,52.11891489059999
8705,52.996833717100024
8706,51.7787049272
8707,52.1588266238
8708,51.80800142669998
8709,50.15404982349999
8710,42.85498596299999
8711,58.60610057369999
8712,44.15077312140001
8713,50.985895916299995
8714,45.8369552568
8715,52.886634041900024
8716,69.32491016029998
8717,44.119255673400005
8718,45.72298527860002
8719,44.71197237499999
8720,58.20841603739998
8721,44.68687831190002
8722,55.67339975840001
8723,54.65227075820003
8724,48.57269937429997
8725,53.565588973199986
8726,45.20501683450002
8727,59.9247623913
8728,51.2392620434
8729,44.484670535900015
8730,50.103770109100005
8731,57.28772591999999
8732,59.91896085690002
8733,47.0590891175
8734,43.82661702490002
8735,44.29217525280001
8736,52.27988595289999
8737,57.804055935799994
8738,54.867627786099995
8739,50.6577167954
8740,57.25092281699998
8741,49.56092238550001
8742,54.9753443879
8743,54.5017072134
8744,48.39103259989997
8745,62.366335293800006
8746,50.6516163863
8747,58.789891031200014
8748,67.68123761119995
8749,41.201246459300016
8750,68.8364035564
8751,52.42522796070001
8752,49.77491421459999
8753,48.738336815699995
8754,52.906116161499995
8755,55.875390296
8756,54.49433114950001
8757,52.05072237990002
8758,47.5244722789
8759,50.542122760500014
8760,56.70575628389995
8761,44.4902449593
8762,58.968155397800004
8763,55.044333404499994
8764,50.46982212109999
8765,55.876832197499965
8766,52.18295533570001
8767,50.25334696119998
8768,54.56675681840001
8769,50.106738393800015
8770,49.29850870299998
8771,56.06032616560002
8772,54.6131521758
8773,45.98197191679999
8774,49.39740113080002
8775,54.30036075550001
8776,44.202108901500004
8777,49.4429407825
8778,47.69875065449996
8779,68.17535057699996
8780,54.56443454460002
8781,44.8769750645
8782,56.30842971189999
8783,49.17438666139999
8784,51.73235808410001
8785,58.608709479199995
8786,49.48189903470001
8787,45.71288274739998
8788,49.94928620909998
8789,61.21236171569997
8790,59.11730321920003
8791,46.08010030779999
8792,58.00033681500004
8793,45.473066080900004
8794,57.315749492900004
8795,45.71011527439999
8796,46.15507034060002
8797,51.25003881040002
8798,52.60173768060001
8799,45.16647797849999
8800,45.38020254810001
8801,52.04198996840001
8802,57.44462006530005
8803,39.6940973506
8804,50.116913223999994
8805,50.6655630806
8806,45.182082562199994
8807,52.67279275599997
8808,53.37802592439999
8809,55.8021449044
8810,57.46831900759999
8811,47.77472757679999
8812,44.21931436749999
8813,55.1860963922
8814,45.739837606500004
8815,63.00715902560001
8816,57.83427918009998
8817,57.43161772370002
8818,58.60535156069997
8819,51.14019270760001
8820,59.33456218849999
8821,57.612695233600014
8822,49.94839907330002
8823,54.63944151709997
8824,62.81121285819998
8825,43.271080987000026
8826,49.32299465320001
8827,61.75079845609993
8828,52.8293378854
8829,50.49735336310001
8830,55.24954958739997
8831,51.7885180192
8832,48.76488710590001
8833,46.129443122599994
8834,56.376875050699994
8835,44.61664666139999
8836,45.16394603399996
8837,56.926446587300035
8838,59.71953098450002
8839,49.75703144359999
8840,57.329656303500016
8841,56.553668818999995
8842,56.109995243499995
8843,57.44503605630003
8844,58.440165094600005
8845,51.860621389800016
8846,44.31805651890003
8847,44.17362479720003
8848,45.2639092986
8849,48.5114010245
8850,57.5936702637
8851,54.955307707700015
8852,54.36822427180002
8853,61.90997315329994
8854,42.92648763960002
8855,45.39783905119999
8856,49.55520523819999
8857,57.88292575609999
8858,54.18724643209999
8859,52.840544749900026
8860,41.118939050300014
8861,49.84017092840001
8862,58.59218291220002
8863,56.87343247269997
8864,67.78052727849996
8865,57.9237550852
8866,48.68402109200002
8867,53.29105253529995
8868,62.03549250769996
8869,52.32437095800002
8870,62.38036355079996
8871,56.24589973500001
8872,46.06012446210001
8873,44.447155379500025
8874,59.2930036969
8875,54.73359778259999
8876,43.6301093804
8877,50.27465572370001
8878,53.04619702689999
8879,60.983179230099985
8880,60.66595558630001
8881,58.5000508358
8882,55.042263566900004
8883,46.85824470289998
8884,53.29726242709999
8885,69.26373470509995
8886,54.213333038600034
8887,58.524723421000004
8888,49.805587827600014
8889,53.6452017797
8890,55.4753962672
8891,49.17358384169998
8892,45.487054269
8893,52.7495530206
8894,57.245690033700036
8895,43.97672893169999
8896,52.30803227460001
8897,46.8062453383
8898,53.24528909920001
8899,54.432120705600006
8900,45.98452618039999
8901,58.613546250599995
8902,47.99650981360001
8903,44.667221133200016
8904,56.69412288970001
8905,48.372451482799995
8906,42.98591018449998
8907,59.35477280140004
8908,58.21650519509999
8909,53.33034306929998
8910,57.60632372509999
8911,42.61923108319999
8912,53.38715093830004
8913,59.97122423869998
8914,53.98475389770003
8915,52.015563601300016
8916,42.148486077100024
8917,58.542424425399986
8918,49.66904345629999
8919,56.3048249013
8920,60.97196619949998
8921,42.94429374270001
8922,46.90083615740001
8923,59.44839961340001
8924,47.685285366399995
8925,45.10374448800001
8926,51.6719201957
8927,58.3320788428
8928,56.75936476050001
8929,54.14494719159997
8930,57.67214110919999
8931,54.64739543669998
8932,51.965232104599984
8933,60.4679367087
8934,53.23138715370003
8935,56.08175360420003
8936,60.204585082899996
8937,45.283597619799984
8938,45.20952664049998
8939,55.01026426399994
8940,58.026161557
8941,57.811143089199994
8942,59.15178825110001
8943,50.840463943099984
8944,59.16559812380001
8945,45.6546717811
8946,48.451618877600005
8947,55.931852296900004
8948,50.774626143099994
8949,58.487427220300006
8950,55.329591110699994
8951,56.157418352200004
8952,67.23964282459995
8953,54.496885192400015
8954,50.08885522199999
8955,48.019042626799994
8956,53.1810459845
8957,59.094711736699985
8958,52.581272093400024
8959,52.52367177620001
8960,55.75067368809999
8961,55.1818606242
8962,49.94785467569999
8963,47.65330844130003
8964,49.9104275432
8965,53.62151060719999
8966,43.50376259879999
8967,46.290440948000004
8968,52.511253257400014
8969,46.0134659024
8970,50.036972781700015
8971,52.51845563310001
8972,56.20754343890001
8973,55.141649919899976
8974,50.054986395299984
8975,48.56315795910001
8976,47.87120022740001
8977,49.40697064869998
8978,55.82877668079999
8979,62.204943023700004
8980,52.23061496070002
8981,54.81990225339998
8982,45.13335245229998
8983,52.044853022599995
8984,53.24199365430001
8985,55.70773399160002
8986,54.4091566099
8987,49.1519903298
8988,45.10346244189999
8989,57.1523641965
8990,58.314607213699986
8991,47.649591687300024
8992,54.383632614900044
8993,62.7731205986
8994,59.9908852554
8995,46.4225942489
8996,51.190469400499985
8997,58.77228648259998
8998,61.21355250229998
8999,51.01049126519999
9000,58.86954971540002
9001,65.72004388009998
9002,57.818499600900005
9003,48.79029693690001
9004,54.26008332309998
9005,58.84605614139998
9006,50.00386149640002
9007,51.447996364599994
9008,57.75834455529999
9009,57.135736920500015
9010,54.189945882700016
9011,57.314924939700035
9012,51.1680438247
9013,54.221621113400005
9014,48.627149567099984
9015,48.77580478630002
9016,56.914512694999985
9017,40.3636832898
9018,44.5652464201
9019,50.10450228940002
9020,52.95574932989997
9021,52.48819673920001
9022,51.78062632069999
9023,53.65217742779998
9024,53.75338800059998
9025,51.117687931700004
9026,46.59363838139997
9027,52.42730946430001
9028,52.05367849309999
9029,55.35311795109996
9030,52.164517806600024
9031,48.26448631830002
9032,58.64921437269998
9033,44.04813981119998
9034,58.49476689410003
9035,52.497615134799986
9036,61.27432803019996
9037,51.20576501240002
9038,40.39776950960001
9039,50.21762325329997
9040,59.79151282419997
9041,51.55405368000001
9042,52.38225026250002
9043,53.346508083400025
9044,50.50294065560001
9045,51.24822499630002
9046,56.451929846900015
9047,52.910337451400004
9048,56.87613451020002
9049,47.159919515500015
9050,57.49954073379997
9051,46.5855680609
9052,52.16719276960001
9053,53.413195409200014
9054,48.9168381896
9055,52.81138440710002
9056,46.05536634729999
9057,59.639131415600005
9058,54.469054630400024
9059,49.41677061759999
9060,46.46230494909998
9061,47.63535185690001
9062,57.33651979929998
9063,52.782405591599996
9064,60.910747845399975
9065,43.2498402195
9066,60.286130814399996
9067,62.98683552109998
9068,52.19615442069996
9069,50.47195289110002
9070,46.947610062999985
9071,56.96229907579998
9072,58.3860522662
9073,53.0677467007
9074,50.68287724820002
9075,64.30936953970001
9076,46.58239051979999
9077,53.02240434729998
9078,45.27455037510004
9079,54.986222346899986
9080,49.83032839790001
9081,59.45046683800001
9082,45.1012191328
9083,47.96758361879998
9084,55.30757475009997
9085,49.521514807700015
9086,47.222403326900015
9087,45.1956499154
9088,59.053027892299994
9089,50.49702490020001
9090,51.13626363560001
9091,45.3084739393
9092,59.18731348699998
9093,58.533976183200004
9094,44.72952592330001
9095,54.13224436449998
9096,53.55958873560003
9097,56.7530293908
9098,49.11338092560001
9099,57.742773438000015
9100,51.65097235289996
9101,61.8114957683
9102,48.31526488099997
9103,59.92064957699999
9104,59.45682248780004
9105,52.7506780089
9106,57.5559088759
9107,47.05356044179998
9108,44.1621814927
9109,54.6588707037
9110,57.49094161149998
9111,51.47177742499999
9112,45.11116169000001
9113,51.028740613200014
9114,56.9384848141
9115,55.42448672470001
9116,57.76131331059998
9117,50.221525496999995
9118,48.8743085116
9119,46.66854151730002
9120,45.01744914969998
9121,51.74675386139998
9122,49.29652974800001
9123,53.59116455970002
9124,45.817049844900005
9125,53.667260742999986
9126,54.197418845899975
9127,55.64987955479998
9128,51.88348383309999
9129,59.52638724400003
9130,58.334715522199986
9131,48.49023138940002
9132,57.73078923280003
9133,49.28718967010001
9134,48.10938227360002
9135,43.64994809180001
9136,60.16156642739998
9137,55.462267829500036
9138,57.57426239340001
9139,46.92300569749998
9140,53.71586184060001
9141,56.2606131107
9142,58.801994504900016
9143,51.704398441500025
9144,44.173707382500005
9145,46.369026980599976
9146,47.050078631699996
9147,54.7644313674
9148,40.552304291
9149,46.01186413800001
9150,57.23059131849998
9151,55.14707419109998
9152,54.318894059099996
9153,54.594621163099994
9154,54.84479700080001
9155,49.658160460299996
9156,59.28696485039998
9157,50.59757217529997
9158,54.66162008630002
9159,53.83096207369999
9160,55.9578575236
9161,48.922382056100005
9162,54.78928358980002
9163,55.19490706100001
9164,56.62983119209999
9165,46.431976896600005
9166,54.222949069800016
9167,48.885485073900014
9168,45.9223524138
9169,48.58434467550003
9170,48.649415491300026
9171,55.88802172340001
9172,46.2952243524
9173,52.31466491990003
9174,44.00513900939999
9175,52.690597075899994
9176,43.84398316759997
9177,49.3746881264
9178,57.59780739790003
9179,51.99707371650003
9180,50.434690079099994
9181,53.9261685109
9182,46.888710302
9183,60.46535411589996
9184,49.48065407589999
9185,49.628691199700015
9186,52.474076841700025
9187,58.43104207100001
9188,53.364477696699986
9189,51.3732206828
9190,56.12448991559997
9191,57.8501712102
9192,58.56939887760001
9193,56.631229479000005
9194,49.93302978650001
9195,45.125739022500014
9196,49.9280817158
9197,56.46165596660001
9198,54.52445070709999
9199,53.06583382479998
9200,54.913391224999984
9201,44.78905950910003
9202,56.608960355
9203,53.968634315299994
9204,52.05926589069997
9205,53.43377047710001
9206,46.009880491000004
9207,57.924162699300005
9208,45.36082866879999
9209,50.12170261210001
9210,47.68684111909998
9211,53.53391849470001
9212,51.28709446160002
9213,47.353109569900006
9214,58.14613527779999
9215,45.263291491199986
9216,49.96224402570003
9217,52.29786191530002
9218,49.641679449499996
9219,54.89521627909997
9220,54.25831621830002
9221,56.543219586899994
9222,53.59400259090003
9223,48.41663194990001
9224,51.454232652600034
9225,44.61600885360001
9226,39.747515051499995
9227,55.05442519580002
9228,53.129574408000025
9229,50.526492721599986
9230,49.791988030400006
9231,54.218738091700025
9232,53.53261926450002
9233,48.46335330989999
9234,58.524841407599986
9235,60.75938621919999
9236,66.35110355169996
9237,54.75028347709999
9238,58.54838591030001
9239,51.545944698199975
9240,66.15550739499996
9241,56.74672592540001
9242,46.633556732799995
9243,57.9971480233
9244,53.57705211440002
9245,44.18906165719998
9246,45.02812877800002
9247,47.05684825120001
9248,60.96541604019998
9249,40.46925501369999
9250,65.7598901089
9251,54.09669340330002
9252,45.96398655590002
9253,44.94578800650001
9254,51.332463662699986
9255,47.84075164890001
9256,45.904038963800005
9257,55.14278713909998
9258,51.23681941849996
9259,38.94687877290001
9260,65.4722111673
9261,55.79071431059999
9262,51.21216231540003
9263,59.620910009800006
9264,53.00349300030001
9265,51.228820400900034
9266,43.8835593531
9267,52.50972604110002
9268,50.6287846632
9269,56.739036585199976
9270,41.73913947249999
9271,52.330730963399986
9272,45.10159190690001
9273,46.07112201930002
9274,66.16866028089999
9275,54.41973470699999
9276,50.16220755530002
9277,56.38094794389998
9278,58.55633159780001
9279,55.945979765500006
9280,53.030191298199995
9281,41.749822973600004
9282,56.2454209863
9283,59.39738788919999
9284,48.48073101820003
9285,51.361003263700006
9286,56.952147277900025
9287,50.7348535417
9288,51.420969348100016
9289,53.987656297999976
9290,50.11500647779999
9291,52.17168837450001
9292,49.13470208640002
9293,63.40529957170003
9294,51.4918837673
9295,42.77933322740002
9296,52.42754603610001
9297,50.242879186600014
9298,46.0581354206
9299,43.59557103820002
9300,53.56047992779997
9301,45.573884866499995
9302,52.98376720089998
9303,55.24875534839999
9304,60.78749103469999
9305,43.8820066203
9306,50.69440906239999
9307,57.1154553244
9308,57.47879472459997
9309,58.01269966609999
9310,55.049049423199996
9311,58.190588766699996
9312,63.14448503620003
9313,44.53246178940001
9314,44.8977337847
9315,50.658229759700006
9316,58.556227968
9317,49.251038079500006
9318,50.82157591619998
9319,49.44249875209998
9320,45.92718534359999
9321,51.19704332559999
9322,59.21910566369996
9323,49.444962418600014
9324,51.773228466500015
9325,51.94814150170002
9326,61.013195614
9327,49.325705758599995
9328,56.364215027600004
9329,50.64245420470002
9330,51.71439267320001
9331,54.35473084669999
9332,54.49784982149997
9333,57.66927493149998
9334,43.90568737780001
9335,52.927003895100015
9336,48.490877043600015
9337,54.600909724400005
9338,53.80328481989999
9339,48.478458734800014
9340,52.73628243570001
9341,56.38006413609998
9342,44.48518940569999
9343,61.14984426309998
9344,53.20368500059998
9345,44.923062099599974
9346,60.41486107040001
9347,49.04644468399999
9348,57.78522817940002
9349,46.32906116120001
9350,58.074789359700034
9351,60.897485592299994
9352,43.96376846819999
9353,38.97155318859999
9354,57.557584892200005
9355,56.270581679099976
9356,54.6810808471
9357,45.348496506800004
9358,47.11029872540003
9359,52.464015934399974
9360,60.4975410078
9361,57.62641811690002
9362,56.7702330684
9363,55.74026883610005
9364,45.81895953089998
9365,43.10845216350001
9366,53.303877253100026
9367,57.22718168970002
9368,48.32955901339999
9369,46.028560981599995
9370,52.5544140956
9371,56.511246326200016
9372,54.1894938454
9373,55.169604731199996
9374,48.508372499900005
9375,54.029584270299985
9376,56.46043168249999
9377,59.5557488056
9378,52.720683740100014
9379,70.1573538471
9380,45.303685635899996
9381,46.750920786600005
9382,53.180028431800004
9383,55.1704142635
9384,46.44028715679999
9385,53.42174348779999
9386,59.08719724899997
9387,51.83781713470001
9388,52.395766691400006
9389,53.91335322339999
9390,55.2908144455
9391,49.50789555840002
9392,54.40169004930003
9393,56.48286191189998
9394,43.699138273300015
9395,56.52430615369999
9396,48.54782134109999
9397,56.87422614340001
9398,51.13015606019998
9399,50.1192244019
9400,50.97846298810002
9401,66.1498521789
9402,48.70995869070001
9403,45.73538372509997
9404,48.2799258735
9405,50.04873187359997
9406,49.596602130000036
9407,50.9817402233
9408,44.641549081899996
9409,39.132771173299986
9410,47.01478938400001
9411,43.25008478430001
9412,52.92533802340003
9413,56.32446616890001
9414,55.71548174950001
9415,55.39382048479999
9416,55.76691611379999
9417,47.96414528060001
9418,52.6008546699
9419,52.44724569349999
9420,44.20104910400001
9421,46.21294122000002
9422,63.02298704780001
9423,45.54756206039999
9424,52.77776575940002
9425,48.34917981139998
9426,53.8712466124
9427,51.60290549409998
9428,54.08147177409999
9429,61.22046935030001
9430,49.886318152700014
9431,58.67268927149999
9432,54.91084699879999
9433,59.1804892465
9434,52.15719527770002
9435,58.25321169389995
9436,62.5043168114
9437,58.142122197900015
9438,47.98843358390003
9439,51.86843460600002
9440,56.187477631799986
9441,44.31057888720001
9442,45.877928637500005
9443,52.481592338500015
9444,53.30726627059998
9445,47.04463728429998
9446,46.804619776700044
9447,50.00583829660001
9448,56.740905090999995
9449,59.486691454499976
9450,45.96864053960002
9451,52.607415456199966
9452,45.634680952500005
9453,48.00466682379999
9454,63.22461208849999
9455,66.25114869319998
9456,56.06632393170002
9457,55.46283744330001
9458,56.85960790919999
9459,49.39334034710001
9460,63.0269622153
9461,51.5707052469
9462,56.78374720520001
9463,44.5382810788
9464,51.809095497600026
9465,56.32790713090002
9466,44.82650830209998
9467,54.3466129598
9468,57.13543577099998
9469,48.57729837760003
9470,53.3867143423
9471,50.65563648339999
9472,51.72188208210001
9473,47.52139767170001
9474,50.89965310539999
9475,51.75315311729999
9476,49.62238918020001
9477,47.278490237599996
9478,57.27593919909999
9479,51.4738590515
9480,61.71509401209997
9481,44.31298706110001
9482,54.14499471649998
9483,57.38461148610003
9484,55.493989389
9485,50.66769658699998
9486,45.4218658714
9487,58.450935310999974
9488,52.59543591450002
9489,51.34349139920001
9490,51.845719709399994
9491,67.92597307649997
9492,57.930419025799985
9493,59.70927021739998
9494,56.1906374882
9495,53.80984107940002
9496,49.901062226800015
9497,45.03142393089999
9498,52.09959797289999
9499,47.22245678640001
9500,57.384359450600016
9501,53.427380425599985
9502,49.380432157400016
9503,51.038488096399995
9504,52.37409679189997
9505,53.50706715130001
9506,50.9818441958
9507,43.57076375230001
9508,40.469060468000016
9509,50.51172242920003
9510,54.77639246199998
9511,53.79205888800005
9512,54.97218679420001
9513,44.85256663820002
9514,62.84354064639997
9515,40.99239530419998
9516,58.570593536300024
9517,56.49463543769998
9518,46.2960537588
9519,38.192298676800014
9520,51.9878218479
9521,52.55409703890004
9522,51.308627592499995
9523,55.337803227799995
9524,54.24560253470004
9525,54.76432516369996
9526,52.12323869689999
9527,40.86553238320002
9528,45.382868392400006
9529,57.0745571705
9530,48.608521858699994
9531,45.57808882489999
9532,57.07006081920001
9533,47.97998021130001
9534,57.3855882238
9535,53.35516681370004
9536,51.6942587545
9537,63.612997327600006
9538,49.4521680133
9539,47.26609834130003
9540,53.310921575700014
9541,51.481493726699995
9542,52.0359018439
9543,48.46942844509999
9544,51.64275959669998
9545,50.06545057229998
9546,54.33369776629998
9547,56.57453968920003
9548,53.63460967540001
9549,55.28527261320003
9550,49.06735037870002
9551,56.722752251600006
9552,46.95765638929999
9553,51.68858019790001
9554,47.62060666660002
9555,54.24644301920001
9556,46.42341267259998
9557,47.67151293250001
9558,53.85245813030002
9559,50.0870442925
9560,52.75199102130003
9561,56.185430251999975
9562,58.53172877760003
9563,57.31840391310001
9564,52.32249335310001
9565,61.7052193755
9566,48.758946018
9567,54.3659310442
9568,56.189029985699975
9569,56.562791757300005
9570,53.9501598185
9571,55.11077403549998
9572,57.1686846375
9573,54.96395834530001
9574,58.63094812899997
9575,64.66060698150001
9576,59.781328819399995
9577,55.553110061499986
9578,45.979922048800006
9579,48.40614813899996
9580,50.64711996800003
9581,60.1341720764
9582,48.0552570451
9583,53.99552936649998
9584,55.346668403
9585,45.71781023010002
9586,52.7250561578
9587,54.5638322385
9588,60.65739410010001
9589,50.19356756640001
9590,41.15973908369997
9591,56.49636652920001
9592,52.33443046300001
9593,45.707168447600004
9594,51.00777857759999
9595,55.650638878300036
9596,44.10721980690001
9597,51.62561583850002
9598,53.31947732839997
9599,49.367005919300006
9600,47.7127620312
9601,44.315942884699986
9602,49.069318317300024
9603,44.1107849548
9604,47.29634583060002
9605,57.0540159443
9606,48.118580430300014
9607,58.367828235699996
9608,48.72774823849998
9609,44.695567909299996
9610,45.38772399629999
9611,58.985099961
9612,55.54869491199998
9613,57.71810681029995
9614,57.80370331960001
9615,48.26646964290002
9616,55.988720151000024
9617,44.924435263699976
9618,59.73879405219999
9619,50.08059510879998
9620,54.00310674359999
9621,50.38072732030001
9622,58.43007194919999
9623,54.80417437620002
9624,58.254816415700006
9625,44.888433359100006
9626,50.0213114626
9627,49.30637158070002
9628,60.76464379939999
9629,51.32949799879998
9630,55.178605206099995
9631,60.8844467454
9632,47.19183534880001
9633,57.24049217160001
9634,53.632713493999994
9635,54.36894970449999
9636,54.37215145580002
9637,53.46739046920003
9638,47.665656781900005
9639,54.66764535079999
9640,55.608515693499974
9641,57.317471951700014
9642,57.28224605200003
9643,54.90123441340003
9644,49.49002346070002
9645,55.85156752539999
9646,53.90683439289998
9647,54.3271691899
9648,48.67278506289998
9649,53.6704295992
9650,53.805422280500004
9651,55.3427936448
9652,47.862997585599985
9653,43.35651158910001
9654,57.9472871473
9655,59.62598823620001
9656,49.366801046599996
9657,49.178772320099995
9658,56.37242623090002
9659,61.97016042319996
9660,55.76992412180002
9661,47.348929818299986
9662,56.56057630509998
9663,52.187210798799995
9664,47.29414769479999
9665,43.15791656530001
9666,48.30176874579996
9667,40.34060737520001
9668,61.37084729090003
9669,55.312422781200006
9670,50.856802493800025
9671,53.8452067831
9672,52.918932028800015
9673,41.02924064949999
9674,52.40590476940001
9675,54.47579320760002
9676,43.7265126578
9677,44.16178693349999
9678,58.35873946390002
9679,53.03163729620002
9680,45.33610202470001
9681,59.58496156329999
9682,54.4154102816
9683,52.876440399999986
9684,49.62358487170001
9685,44.5344847476
9686,57.358545940599996
9687,46.40328301090001
9688,48.170192092300006
9689,54.07267315100001
9690,54.360947922000015
9691,57.46999664190002
9692,51.63279412149999
9693,53.29773584099999
9694,61.00563989690002
9695,48.01153592770002
9696,52.325375640500006
9697,54.08426579609997
9698,54.14480309280002
9699,61.477454079599994
9700,54.43077981790002
9701,55.10760242050001
9702,53.46962632490001
9703,53.78790526350001
9704,55.594018247799994
9705,53.98153297190002
9706,53.92206035950002
9707,45.84411612900003
9708,60.166480496599995
9709,46.13763229910001
9710,53.6162749492
9711,59.829615384099995
9712,57.46088399970001
9713,46.79660233140001
9714,53.8084191313
9715,47.41931265869997
9716,55.09450857190004
9717,45.15347936179998
9718,43.276524272200014
9719,46.07672048199999
9720,54.78400711690002
9721,57.26891450510003
9722,52.55642172319998
9723,56.098265731800026
9724,51.248202152800005
9725,50.236226945
9726,55.355533365399985
9727,57.92874207610002
9728,59.68381013719999
9729,56.673642159599986
9730,54.573094601199976
9731,44.19736364139998
9732,44.783742454499986
9733,52.8030600978
9734,60.12353277079997
9735,60.123671737299986
9736,47.54328066630003
9737,46.1298039204
9738,56.01430927389997
9739,57.2139183869
9740,53.446095226
9741,58.465804038800016
9742,60.22987108459999
9743,58.452090635500014
9744,52.2163389692
9745,57.386440174199976
9746,53.10435230859999
9747,52.42698229659999
9748,52.268686094500005
9749,61.546601286499964
9750,52.001139961300034
9751,58.15436432430001
9752,51.513790891900015
9753,54.3417098521
9754,53.98554588530001
9755,49.985644673799996
9756,46.190072008900025
9757,55.32764832029999
9758,49.5709750528
9759,50.56972149989999
9760,52.719861224700004
9761,46.67428274560001
9762,53.687255033000014
9763,60.44435931260003
9764,52.10915080729999
9765,54.10578425229999
9766,53.0677981822
9767,52.1393346888
9768,57.17428208869999
9769,48.76891036680002
9770,54.13225352469997
9771,59.25788789889998
9772,48.83136825969999
9773,55.10080536110001
9774,47.445591696700006
9775,43.765408917900004
9776,46.719695084900025
9777,51.93447603910001
9778,55.57478478729999
9779,52.9697462883
9780,54.343828613499994
9781,46.54830041740004
9782,53.3022361024
9783,56.6433940629
9784,53.021341077500004
9785,56.243729741399996
9786,45.089512996399975
9787,54.08554449800001
9788,45.36427051400001
9789,44.60205252679999
9790,50.2808979845
9791,55.84218044599997
9792,55.964525324800015
9793,52.510416379300004
9794,55.00187595929999
9795,53.39123896439999
9796,50.65168986870001
9797,53.96665479699999
9798,44.679963581900004
9799,55.2705287331
9800,59.6087663585
9801,67.39078916339997
9802,48.777266870600016
9803,53.520645830600024
9804,45.5775982761
9805,44.95289741850001
9806,49.255328130100004
9807,61.500143412399986
9808,58.65388708600001
9809,49.04301382279998
9810,56.79684925940001
9811,43.5274447852
9812,58.03266749189999
9813,54.574947795
9814,59.62743355389998
9815,54.085131695800015
9816,62.68259251039999
9817,56.942166589400024
9818,55.75468236119998
9819,48.9583531348
9820,55.027341283999974
9821,54.603176586300016
9822,52.54518045139999
9823,49.24384677740003
9824,55.25508926950001
9825,44.81195580109999
9826,57.92179511430002
9827,59.53069975179999
9828,48.3898477429
9829,50.870021194300016
9830,48.7018356591
9831,44.91097425269999
9832,52.2364475155
9833,54.37868367260001
9834,54.79390778520003
9835,54.61658862019997
9836,50.3665385042
9837,49.0649947245
9838,46.31615767029998
9839,54.34754803339998
9840,57.31585303710001
9841,54.62256386090004
9842,48.242366857400015
9843,48.4823418616
9844,45.13507292159999
9845,58.37977605180001
9846,60.7512039688
9847,59.140438490499974
9848,57.34350299929999
9849,59.25503497490002
9850,56.67809486090001
9851,45.25212905439999
9852,54.50167807230002
9853,58.48015215809998
9854,55.8305617118
9855,48.574395002300015
9856,52.36719266639998
9857,57.03868793309999
9858,46.489214695699985
9859,53.3495961435
9860,52.062430791299995
9861,56.0158212646
9862,54.854071846900005
9863,45.2669795593
9864,45.798413488099996
9865,54.28236635600002
9866,45.1808600908
9867,52.366110467099986
9868,54.313060672399985
9869,58.88718922769997
9870,49.07246557370002
9871,58.138127092799984
9872,48.37660978020001
9873,50.47059515070001
9874,52.1790866502
9875,55.97678626429999
9876,53.90647815570002
9877,47.96551786099998
9878,53.189512505599986
9879,47.70477038749999
9880,57.49560260520002
9881,58.545561289300025
9882,51.75460903350001
9883,58.719644451
9884,69.70395243900002
9885,56.74187647110001
9886,53.71251428339997
9887,48.706543054000015
9888,43.415898441999985
9889,50.42077961619999
9890,56.90366500619999
9891,52.36378552939999
9892,50.50436011140001
9893,54.05733626670002
9894,53.64343637429999
9895,43.272193245500006
9896,51.21518591439998
9897,57.36569032469999
9898,48.810412447199994
9899,53.089418781599996
9900,52.071990386700016
9901,46.76529716920003
9902,52.372996950000015
9903,46.41960941969999
9904,65.49533671669998
9905,56.620838701999965
9906,61.43428066849995
9907,45.668148209600005
9908,46.2489681599
9909,54.007963443599984
9910,52.79962142929999
9911,56.721155574
9912,49.150363993700005
9913,42.086101575899995
9914,62.04886197909997
9915,55.47570316269999
9916,46.21213792649999
9917,46.043686236799985
9918,66.80043861980002
9919,58.11170835880001
9920,46.359427629399995
9921,54.96271960559997
9922,57.819105681799975
9923,48.60510224020001
9924,50.00984812900002
9925,56.53426979600002
9926,53.391973079100005
9927,44.215332053800005
9928,43.20675459980001
9929,62.70910763679997
9930,54.557323133599965
9931,49.6718040471
9932,52.022897423999986
9933,59.259788789
9934,44.398972754000006
9935,51.00866230559999
9936,52.512130213100015
9937,63.66292660159999
9938,57.28958513670002
9939,53.60051510810002
9940,45.792069524199995
9941,58.211250784700006
9942,49.334579444499994
9943,63.61604949559999
9944,56.85794247820001
9945,49.71110370959998
9946,53.597209840600016
9947,58.767317757300034
9948,48.1300846421
9949,53.57200436379997
9950,55.194459764600005
9951,53.685836209800016
9952,53.65587477840001
9953,44.783460963500005
9954,53.338544665499995
9955,43.0733124989
9956,45.38645157609997
9957,46.74936724290001
9958,53.2357240734
9959,49.82142280330002
9960,47.51538735119999
9961,59.7164889317
9962,50.893854658699986
9963,49.27614639039998
9964,56.7948872252
9965,56.594534892200016
9966,59.24595721319997
9967,47.781135975599994
9968,52.983817362699995
9969,56.14042318830001
9970,45.45126393729997
9971,52.92284077320003
9972,57.16129186939998
9973,62.987231446999985
9974,53.2666755238
9975,53.30084612490005
9976,54.204713195200014
9977,45.0342891603
9978,57.93074521759998
9979,51.00706422570001
9980,64.40960990049997
9981,57.669891402900014
9982,60.436990662399964
9983,47.997916533099996
9984,54.43318019199997
9985,46.3049043945
9986,60.59120236049996
9987,51.39900630750005
9988,46.180305396699985
9989,45.33534276899999
9990,45.5313840171
9991,58.3948276057
9992,52.965231553899976
9993,49.4347555391
9994,45.05123727639997
9995,46.287194686499994
9996,57.558110105899985
9997,62.4942675299
9998,44.47358323290002
9999,50.75830077919999
10000,56.8366128024
